ID,Item,Quantity,Purpose,Status,Notes,Source / reference
BOM-004,Hobbywing QuicRun WP-1625 brushed ESC (30120000),1.0,RC boat,Fit verification required,Confirm exact supplier revision and availability.,Hobbywing QuicRun WP-1625 30120000 有刷电调
BOM-005,Mabuchi RS-380PH-4045 motor,1.0,RC boat,Fit verification required,Confirm exact supplier revision and availability.,Mabuchi RS-380PH-4045 万宝至 马达
BOM-006,Krick 65220 Eco M2 shaft/stern tube assembly,1.0,RC boat,HOLD: internal shaft sealing,Qualify shaft-to-tube sealing/lubrication separately from hull bond.,Krick 65220 M2 153mm 船轴 艉轴套件
BOM-007,Krick 63800 bridge coupling connector,1.0,RC boat,Fit verification required,Confirm exact supplier revision and availability.,Krick 63800 船模 联轴器 连接件
BOM-008,Krick 63823 2.3 mm coupling insert,1.0,RC boat,Fit verification required,Confirm exact supplier revision and availability.,Krick 63823 2.3mm 联轴器 接头
BOM-009,Krick 63820 2.0 mm coupling insert,1.0,RC boat,Fit verification required,Confirm exact supplier revision and availability.,Krick 63820 2.0mm 联轴器 接头
BOM-010,"Krick/Graupner 2307.30 propeller, 30 mm RH M2",1.0,RC boat,Fit verification required,Confirm exact supplier revision and availability.,Graupner Krick 2307.30 30mm M2 右旋 三叶螺旋桨
BOM-011,Genuine TowerPro SG90 Digital servo,1.0,RC boat,Fit verification required,Confirm exact supplier revision and availability. Steering servo only; actual horn and travel require verification.,TowerPro SG90 Digital 正品 数字舵机
BOM-012,Gens Ace GEA222S30X6GT 2200 mAh 2S 30C XT60 LiPo,1.0,Both,Fit verification required,Confirm exact supplier revision and availability.,Gens Ace GEA222S30X6GT 2S 2200mAh 30C XT60 航模电池
BOM-014,Hitec HS-65HB probe servo with supplied horn,2,Electricity detection,Fit verification required,Dry only; additional to steering servo. Horn-to-pulley adapter must match actual supplied horn.,https://www.hiteccs.com/public/uploads/data_sheet/HCS_HS-65HB_Specsheetv2.2_10-1729887930.pdf
BOM-016,SKF 6 x 16 x 7 HMSA10 RG radial seal,2,Electricity detection,HOLD: water-duty qualification,"Nominal candidate; water duty, lubricant, spring, shaft finish and seal drag not qualified.",https://www.skf.com/mm/09433a92e9164581
BOM-017,igus GFM-0608-06 flanged shaft bushing,2,Electricity detection,Fit verification required,"6 mm shaft / 8 mm housing, 12 mm flange; verify installed fits.",https://www.igus.com/ContentData/Products/Downloads/iglide_G300_FM_USen.pdf
BOM-018,Machined POM-C probe seal cartridge,2,Electricity detection,HOLD: machining drawing,Two retained E2/E4 cartridge geometries. Precision tolerances and counterfaces require release; do not print seal seats.,
BOM-019,"Cartridge face gasket, 1 mm silicone sheet",2,Electricity detection,Fit verification required,CAD compressed thickness 0.75 mm; retain complete closed perimeter. Polymax 3043956 candidate.,https://www.polymax.co.uk/media/documents/Datasheet/platinum-cured-silicone-sheet-clear-1000-1-3043956.pdf
BOM-020,"316 stainless probe output shaft, diameter 6 mm",2,Electricity detection,HOLD: shaft interface,"Two retained rear shafts, approximately 35mm nominal. Confirm actual length, surface finish, coupling and axial retention.",
BOM-021,"316 stainless arm cross-pin, diameter 2 x 22 mm",2,Electricity detection,HOLD: pin retention,Retained-pin solution and installation access must be proven.,
BOM-022,A4 stainless DIN84 M4 x 12 tip electrode screw,2,Electricity detection,Fit verification required,Replaces fixed-hull electrode bolt set; nominal head diameter 7 x 2.6 mm.,https://www.trfastenings.com/Products/Catalogue/Screws-and-Bolts/Machine-Screws/Cheese-Head/Slotted-Drive/TR00007556
BOM-023,A4 DIN934 M4 tip nut,2,Electricity detection,Fit verification required,Verify actual nut and terminal stack fits the arm-tip potting pocket.,
BOM-024,M4 tip electrical terminal,2,Electricity detection,HOLD: actual terminal fit,Select to fit diameter 9 mm pocket and wire; no old large hull lug substitution.,
BOM-025,"20-tooth, 2 mm pitch, 6 mm belt-width pulley",4,Electricity detection,HOLD: select timing transmission,"Smooth CAD allocations only; matched supplier profile, bore and retention remain unresolved.",
BOM-026,96 mm nominal pitch-length x 6 mm timing belt,2,Electricity detection,HOLD: select timing transmission,28 mm centers and 1:1 ratio are allocations; confirm actual supplier availability/tension.,
BOM-027,"Upper journal bushing, OD8 / ID6 x 6 mm",2,Electricity detection,HOLD: journal interface,Radial-load support allocation; select actual bearing/fit/retention.,
BOM-028,"Upper journal shaft, diameter 6 mm",2,Electricity detection,HOLD: journal interface,Use station-specific CAD length; axial retention and pulley interfaces not released.,
BOM-029,Stock servo horn-to-pulley adapter,2,Electricity detection,HOLD: design after horn survey,Requires actual Micro25T horn survey; no printable spline supplied.,
BOM-030,3M DP270 potting compound,1,Electricity detection,HOLD: wet bond qualification,"One consumable lot for two roof entries and two tip encapsulations. Qualify actual dispensed quantity, jacket/PETG adhesion and immersion.",https://multimedia.3m.com/mws/media/1235390O/dp270-technical-data-sheets.pdf
BOM-031,Flexible insulated electrode lead,2,Electricity detection,HOLD: flex/immersion qualification,"Two runs; cut on assembled prototype. Existing OD1.12mm candidate feedthrough reference; insulation voltage, immersion and flex life remain unqualified.",https://www.alphawire.com/en/products/wire/hook-up-wire/premium/1854
BOM-032,Probe-servo service connectors and fused harness,1,Electricity detection,HOLD: harness selection,Two probe servo disconnects plus appropriate harness protection and strain relief; verify ratings and lengths.,
BOM-034,Shared fused battery distribution harness,1,Both,HOLD: harness/protection selection,"XT60 input, separately fused logic/servo and propulsion branches, switch, wiring and heat-shrink. The power branches share battery ground; no galvanic isolation is implied. Select ratings against measured fault and load currents.",
BOM-035,ESC adapter and motor terminations,1,RC boat,HOLD: connector selection,One set: correct XT60 distribution-to-small-Tamiya polarity and matching 4 mm motor bullet terminals.,
BOM-036,Compatible 2S LiPo balance charger,1,Both,Select / check owned equipment,External support equipment; omit purchase if already owned. Select compatible charger.,
BOM-037,"Main hatch continuous shaped gasket, 2 mm",1,Both,Fit verification required,"2 mm nominal uncompressed gasket. CAD does not establish compression; qualify material, squeeze, cover flatness and repeated sealing.",
BOM-038,Hatch M3 x 10 screws,10,Both,Fit verification required,"Starting length only. Confirm compressed gasket stack, blind engagement and bottoming margin; do not use screw torque as proof of gasket compression.",
BOM-039,Internal probe-cover M3 x 10 screws,8,Electricity detection,Fit verification required,Updated from M3 x 8 to suit 5 mm covers; nominal 5 mm engagement into 7 mm pilots; verify printed thread life.,
BOM-040,Cartridge-retention M3 x 8 screws,8,Electricity detection,Fit verification required,"3 mm flange + 0.75 mm gasket; 5 mm pilot. M3x8 gives 4.25 mm engagement, 0.75 mm tip gap. Verify.",
BOM-041,Probe-servo mounting M2 x 6 screws,4,Electricity detection,Fit verification required,"Starting length; two per servo, verify actual supplied lugs.",
BOM-047,Battery cradle flush M2 x 6 screws,4,Both,Fit verification required,Four countersunk locations; heads must remain below battery seating surface. Verify 1 mm nominal pilot tip margin.,
BOM-048,Battery retention straps,2,Both,Fit verification required,Pass through retained slots; do not compress or abrade LiPo pack.,
BOM-049,Motor support M3 x 8 screws,4,RC boat,Fit verification required,Existing bolt positions/grip preserved by reinforcement reliefs.,
BOM-050,Motor face M2.6 x 6 screws,2,RC boat,Fit verification required,Verify Mabuchi maximum screw penetration.,
BOM-051,"Nonconductive motor cradle liner, 0.4 mm",1,RC boat,Fit verification required,One fitted liner; temperature and material qualification required.,
BOM-052,Steering saddle M3 x 8 screws,4,RC boat,Fit verification required,Starting length; verify pilot engagement.,
BOM-053,Steering servo M2 mounting screws,2,RC boat,Fit verification required,Select length against actual SG90 lugs and support.,
BOM-054,Rudder bracket M3 transom screws,4,RC boat,Fit verification required,"bores stop at X=193 mm, with 3 mm caps. Select length for tip X>=193.75 mm; verify engagement.",
BOM-055,"Rudder stock, diameter 3 x 86 mm",1,RC boat,Fit verification required,Metal stock; cross-hole and retention match actual tiller.,
BOM-056,"Rudder tiller cross-pin, diameter 1.2 x 8 mm",1,RC boat,Fit verification required,Retain positively; nominal CAD envelope.,
BOM-057,"Rudder stock stop collar, diameter 8 x 5 mm envelope",1,RC boat,HOLD: collar selection,Must fit 3 mm stock; actual supplier/locking method not selected.,
BOM-058,M2 steering dogleg pushrod and end fittings,1,RC boat,HOLD: linkage validation,"One linkage set; fabrication geometry, stiffness, horn fit and full steering sweep require physical validation.",
BOM-059,Steering pushrod bellows / boot,1,RC boat,HOLD: boot selection,7 mm seat / 10 mm flange envelope; select real water-sealing part and verify travel.,
BOM-061,Hull coating and stern-tube sealant,1,Both,Fit verification required,One consumable lot; quantities/process TBD. Qualify FDM porosity and penetrations.,
BOM-062,Insulating cable ties / strain relief supplies,1,Both,Fit verification required,One consumable lot; ties up to 2.5 mm for modeled slots.,
BOM-063,PRINT_01 live Fusion Rev I hull,1,Both,Fit prototype; physical qualification pending,Use PRINT_01_Hull_shell_RevI_repaired in the saved live Fusion document. Obsolete bow/transom pockets and starboard chine breakthrough closed; exterior lettering removed. Historical exports are superseded. No new 3D export supplied.,docs/CAD_Audit_2026-10-04.md
BOM-064,PRINT_02 Removable hatch,1,Both,Fit prototype; physical qualification pending,"Use the corresponding retained part in the live Fusion assembly. Historical exports are not the current assembly authority; verify material, fit and sealing before use.",docs/CAD_Audit_2026-10-04.md
BOM-066,PRINT_04 Reinforced battery cradle,1,Both,Fit prototype; physical qualification pending,"Use the corresponding retained part in the live Fusion assembly. Historical exports are not the current assembly authority; verify material, fit and sealing before use.",docs/CAD_Audit_2026-10-04.md
BOM-067,PRINT_09 Rudder transom bracket,1,RC boat,Fit prototype; physical qualification pending,"Use the corresponding retained part in the live Fusion assembly. Historical exports are not the current assembly authority; verify material, fit and sealing before use.",docs/CAD_Audit_2026-10-04.md
BOM-068,PRINT_11 Reinforced motor face mount,1,RC boat,Fit prototype; physical qualification pending,"Use the corresponding retained part in the live Fusion assembly. Historical exports are not the current assembly authority; verify material, fit and sealing before use.",docs/CAD_Audit_2026-10-04.md
BOM-069,PRINT_14 Reinforced motor lower cradle,1,RC boat,Fit prototype; physical qualification pending,"Use the corresponding retained part in the live Fusion assembly. Historical exports are not the current assembly authority; verify material, fit and sealing before use.",docs/CAD_Audit_2026-10-04.md
BOM-070,PRINT_16 Rudder blade,1,RC boat,Fit prototype; physical qualification pending,"Use the corresponding retained part in the live Fusion assembly. Historical exports are not the current assembly authority; verify material, fit and sealing before use.",docs/CAD_Audit_2026-10-04.md
BOM-071,PRINT_17 Rudder tiller,1,RC boat,Fit prototype; physical qualification pending,"Use the corresponding retained part in the live Fusion assembly. Historical exports are not the current assembly authority; verify material, fit and sealing before use.",docs/CAD_Audit_2026-10-04.md
BOM-076,PRINT_23 and PRINT_25 internal probe covers,2,Electricity detection,Fit prototype; physical qualification pending,"Use the corresponding retained part in the live Fusion assembly. Historical exports are not the current assembly authority; verify material, fit and sealing before use.",docs/CAD_Audit_2026-10-04.md
BOM-077,PRINT_27 and PRINT_29 insulating probe arms,2,Electricity detection,Fit prototype; physical qualification pending,"Use the corresponding retained part in the live Fusion assembly. Historical exports are not the current assembly authority; verify material, fit and sealing before use.",docs/CAD_Audit_2026-10-04.md
BOM-078,PRINT_30 Steering service saddle,1,RC boat,Fit prototype; physical qualification pending,"Use the corresponding retained part in the live Fusion assembly. Historical exports are not the current assembly authority; verify material, fit and sealing before use.",docs/CAD_Audit_2026-10-04.md
PCB-H,Rev H assembled carrier,1,Both,Engineering prototype; not qualified,"95 populated electrical references in pcb/RevH/BOM.csv; add two sockets, one shunt and two module standoff sets from ASSEMBLY_BOM.csv. External harness, spacers, screws and electrode leads are counted in system rows; do not duplicate.",pcb/RevH/README.md
M-H1,"M3 nylon PCB spacers, 1 mm",4,Both,Fit verification required,Retained 1 mm spacer allocation; solder-tail and boss clearances require assembled inspection. No blanket approval for untrimmed pins.,pcb/RevH/README.md
M-H2,M3 nylon PCB screws,4,Both,HOLD: actual length,Select engagement against actual spacer/2 mm PCB/blind pilot stack.,pcb/RevH/README.md
M-H3,"3M SJ3550 mating pieces, 22 x 29 mm",2,Both,HOLD: retention and thermal tests,"Existing ESC attachment concept, nominal 5.8 mm engaged.",pcb/RevH/README.md
S-H1,Optional dry-compartment 3.3 V open-drain ingress sensor,1,Both,HOLD: select compatible device,J14 interface only; sensor is not supplied or qualified. No external water-electrode connection.,pcb/RevH/README.md
