ref,value,mpn,footprint,note
H1,M3 nylon hardware,,EWS:H1,
H2,M3 nylon hardware,,EWS:H2,
H3,M3 nylon hardware,,EWS:H3,
H4,M3 nylon hardware,,EWS:H4,
U1,ESP32-DevKitC V4 WROOM,,EWS:U1,Fit WROOM variant; flash pins reserved; antenna copper keepout
J1,EXPANSION_3V3_ONLY,,EWS:J1,
J2,I2C_3V3,,EWS:J2,
J3,UART_RESET,,EWS:J3,
JP1,REMOVE_FOR_USB,,EWS:JP1,
U2,AMC3330DWER,AMC3330DWER,EWS:U2,
C1,1uF,,EWS:C1,
C2,1nF,,EWS:C2,
C3,100nF,,EWS:C3,
C4,1nF,,EWS:C4,
C5,100nF,,EWS:C5,
C6,1nF,,EWS:C6,
C7,1uF,,EWS:C7,
R1,1k 0.1%,,EWS:R1,
R2,1k 0.1%,,EWS:R2,
C8,100pF C0G,,EWS:C8,
R3,47k,,EWS:R3,
R100,249k 0.1% 200V,TNPW1206249KBEEA,EWS:R100,
R101,249k 0.1% 200V,TNPW1206249KBEEA,EWS:R101,
R102,249k 0.1% 200V,TNPW1206249KBEEA,EWS:R102,
R103,249k 0.1% 200V,TNPW1206249KBEEA,EWS:R103,
R104,249k 0.1% 200V,TNPW1206249KBEEA,EWS:R104,
R105,249k 0.1% 200V,TNPW1206249KBEEA,EWS:R105,
R106,249k 0.1% 200V,TNPW1206249KBEEA,EWS:R106,
R107,249k 0.1% 200V,TNPW1206249KBEEA,EWS:R107,
D1,BAV199,"BAV199,215",EWS:D1,
D2,BAV199,"BAV199,215",EWS:D2,
U3,AMC3330DWER,AMC3330DWER,EWS:U3,
C11,1uF,,EWS:C11,
C12,1nF,,EWS:C12,
C13,100nF,,EWS:C13,
C14,1nF,,EWS:C14,
C15,100nF,,EWS:C15,
C16,1nF,,EWS:C16,
C17,1uF,,EWS:C17,
R11,100k 0.1%,,EWS:R11,
R12,100k 0.1%,,EWS:R12,
C18,100pF C0G,,EWS:C18,
R13,47k,,EWS:R13,
R110,249k 0.1% 200V,TNPW1206249KBEEA,EWS:R110,
R111,249k 0.1% 200V,TNPW1206249KBEEA,EWS:R111,
R112,249k 0.1% 200V,TNPW1206249KBEEA,EWS:R112,
R113,249k 0.1% 200V,TNPW1206249KBEEA,EWS:R113,
R114,249k 0.1% 200V,TNPW1206249KBEEA,EWS:R114,
R115,249k 0.1% 200V,TNPW1206249KBEEA,EWS:R115,
R116,249k 0.1% 200V,TNPW1206249KBEEA,EWS:R116,
R117,249k 0.1% 200V,TNPW1206249KBEEA,EWS:R117,
D3,BAV199,"BAV199,215",EWS:D3,
D4,BAV199,"BAV199,215",EWS:D4,
U4,ADS1115IDGSR,ADS1115IDGSR,EWS:U4,
C30,100nF,,EWS:C30,
R30,1k,,EWS:R30,
R31,1k,,EWS:R31,
C31,330nF,,EWS:C31,
R32,1k,,EWS:R32,
R33,1k,,EWS:R33,
C32,330nF,,EWS:C32,
R40,4.7k,,EWS:R40,
R41,4.7k,,EWS:R41,
R42,10k,,EWS:R42,
J4,ADC_DIAGNOSTICS,,EWS:J4,
J5,PROBE_E2_G_5V_S,,EWS:J5,
J6,PROBE_E4_G_5V_S,,EWS:J6,
J7,STEER_G_5V_S,,EWS:J7,
J8,ESC_G_NC_S,,EWS:J8,
R50,100k,,EWS:R50,
R51,100k,,EWS:R51,
R52,100k,,EWS:R52,
R53,100k,,EWS:R53,
U5,Pololu_D24V10F5,,EWS:U5,Solder headers; module underside clearance >=2mm
U6,Pololu_D24V50F5,,EWS:U6,Solder headers; module underside clearance >=2mm
J9,REG_CTRL_VIN_REFERENCED,,EWS:J9,
J10,POWER_AUX,,EWS:J10,
J11,FUSED_2S_INPUT,,EWS:J11,
J12,ELECTRODE_E2,,EWS:J12,
J13,ELECTRODE_E4,,EWS:J13,
