connector,function,pin,net,note
J1,EXPANSION_3V3_ONLY,1,3V3,
J1,EXPANSION_3V3_ONLY,2,EN,
J1,EXPANSION_3V3_ONLY,3,GPIO36,Input only; no internal pull resistors
J1,EXPANSION_3V3_ONLY,4,GPIO39,Input only; no internal pull resistors
J1,EXPANSION_3V3_ONLY,5,GPIO34,Input only; no internal pull resistors
J1,EXPANSION_3V3_ONLY,6,GPIO35,Input only; no internal pull resistors
J1,EXPANSION_3V3_ONLY,7,GPIO32,
J1,EXPANSION_3V3_ONLY,8,GPIO33,
J1,EXPANSION_3V3_ONLY,9,GPIO25,
J1,EXPANSION_3V3_ONLY,10,GPIO26,
J1,EXPANSION_3V3_ONLY,11,GPIO27,
J1,EXPANSION_3V3_ONLY,12,GPIO14,
J1,EXPANSION_3V3_ONLY,13,GPIO12,Boot strap: attached circuitry must preserve boot levels
J1,EXPANSION_3V3_ONLY,14,GND,
J1,EXPANSION_3V3_ONLY,15,GPIO13,
J1,EXPANSION_3V3_ONLY,16,GPIO23,
J1,EXPANSION_3V3_ONLY,17,GPIO22,
J1,EXPANSION_3V3_ONLY,18,GPIO1,
J1,EXPANSION_3V3_ONLY,19,GPIO3,
J1,EXPANSION_3V3_ONLY,20,GPIO21,
J1,EXPANSION_3V3_ONLY,21,GPIO19,
J1,EXPANSION_3V3_ONLY,22,GPIO18,
J1,EXPANSION_3V3_ONLY,23,GPIO5,Boot strap: attached circuitry must preserve boot levels
J1,EXPANSION_3V3_ONLY,24,GPIO17,
J1,EXPANSION_3V3_ONLY,25,GPIO16,
J1,EXPANSION_3V3_ONLY,26,GPIO4,
J1,EXPANSION_3V3_ONLY,27,GPIO0,Boot strap: attached circuitry must preserve boot levels
J1,EXPANSION_3V3_ONLY,28,GPIO2,Boot strap: attached circuitry must preserve boot levels
J1,EXPANSION_3V3_ONLY,29,GPIO15,Boot strap: attached circuitry must preserve boot levels
J2,I2C_3V3,1,GND,
J2,I2C_3V3,2,3V3,
J2,I2C_3V3,3,GPIO21,
J2,I2C_3V3,4,GPIO22,
J3,UART_RESET,1,GND,
J3,UART_RESET,2,GPIO1,
J3,UART_RESET,3,GPIO3,
J3,UART_RESET,4,EN,
JP1,REMOVE_FOR_USB,1,LOGIC_5V,
JP1,REMOVE_FOR_USB,2,ESP_5V,
J4,ADC_DIAGNOSTICS,1,GND,
J4,ADC_DIAGNOSTICS,2,3V3,
J4,ADC_DIAGNOSTICS,3,HI_DIAG,
J4,ADC_DIAGNOSTICS,4,LO_DIAG,
J4,ADC_DIAGNOSTICS,5,ADC_READY,
J4,ADC_DIAGNOSTICS,6,HI_ADC_P,
J4,ADC_DIAGNOSTICS,7,HI_ADC_N,
J4,ADC_DIAGNOSTICS,8,LO_ADC_P,
J4,ADC_DIAGNOSTICS,9,LO_ADC_N,
J5,PROBE_E2_G_5V_S,1,GND,
J5,PROBE_E2_G_5V_S,2,SERVO_5V,
J5,PROBE_E2_G_5V_S,3,GPIO25,
J6,PROBE_E4_G_5V_S,1,GND,
J6,PROBE_E4_G_5V_S,2,SERVO_5V,
J6,PROBE_E4_G_5V_S,3,GPIO26,
J7,STEER_G_5V_S,1,GND,
J7,STEER_G_5V_S,2,SERVO_5V,
J7,STEER_G_5V_S,3,GPIO27,
J8,ESC_G_NC_S,1,GND,
J8,ESC_G_NC_S,2,ESC_BEC_NC,Leave BEC disconnected and insulated
J8,ESC_G_NC_S,3,GPIO14,
J9,REG_CTRL_VIN_REFERENCED,1,REG_SHDN,VIN referenced; not a direct 3.3 V GPIO interface
J9,REG_CTRL_VIN_REFERENCED,2,REG_PG,VIN referenced; not a direct 3.3 V GPIO interface
J9,REG_CTRL_VIN_REFERENCED,3,SERVO_EN,VIN referenced; not a direct 3.3 V GPIO interface
J9,REG_CTRL_VIN_REFERENCED,4,GND,
J10,POWER_AUX,1,GND,
J10,POWER_AUX,2,3V3,
J10,POWER_AUX,3,LOGIC_5V,
J10,POWER_AUX,4,GND,
J11,FUSED_2S_INPUT,1,VBAT,
J11,FUSED_2S_INPUT,2,GND,
J12,ELECTRODE_E2,1,E2,Floating hazardous-voltage input; insulate and strain-relieve
J13,ELECTRODE_E4,1,E4,Floating hazardous-voltage input; insulate and strain-relieve
